Workbook

Sheet Read me
A1: KVD Windpark: flat snagging checklist
A2: RCC framed towers, plaster and paint, aluminium / uPVC windows, wooden internal doors. Phase 1: towers T1, T2, T3, T6, T7 (T4, T5 are Phase 2). 24 floors, 2BHK and 3BHK.
A4: Checklist | B4: Every check item. One row per item, grouped by building element (ceiling, walls, floor, doors, windows, services). ID is what the app stores.
A5: Rooms by flat type | B5: Which rooms each flat type has and which element groups apply to each room. Check counts are live formulas.
A6: Teams | B6: Default responsible team for each item. Edit team names here and in the app's Setup screen.
A7: Severity | B7: What Critical, Major and Minor mean and target fix times.
A8: Handover | B8: Items recorded at handover: gate conditions, meter readings, keys, documents, demonstrations.
A9: Apartment list | B9: Fill this in (yellow cells) and paste into the app's Setup screen to load the actual flats. Row 5 is an example.
A11: Criteria | B11: Tolerances marked 'as per spec' or 'typically' are working defaults. Replace them with the figures in the KVD contract specifications before issue.
A12: Workflow | B12: Open (raised by QC, assigned to team) > Fixed (team marks done with photo) > Closed (QC verifies). QC can reopen. Handover is allowed only when no Critical or Major snag is open.

Sheet Checklist
A1: Checklist master
A2: 146 check items. Applies per room as mapped on 'Rooms by flat type'.
A4: ID | B4: Element group | C4: Check | D4: Acceptance criterion / method | E4: Default team | F4: Severity | G4: Applies to rooms
A5: CEIL-01 | B5: Ceiling | C5: Ceiling surface even, no undulation, cracks or patch marks | D5: Torch held flat to the surface; no visible waves or patch outlines | E5: Plaster & POP | F5: Minor | G5: Foyer / Entrance, Living / Dining, Bedroom, Kitchen, Toilet, Utility, Balcony, Passage / Lobby
A6: CEIL-02 | B6: Ceiling | C6: No dampness, seepage stains or efflorescence | D6: Look hard below toilets of the flat above and below the terrace on top floors | E6: Waterproofing | F6: Major | G6: Foyer / Entrance, Living / Dining, Bedroom, Kitchen, Toilet, Utility, Balcony, Passage / Lobby
A7: CEIL-03 | B7: Ceiling | C7: Paint uniform, no patchiness, brush marks, drips or shade difference | D7: View in daylight and with lights on | E7: Painting | F7: Minor | G7: Foyer / Entrance, Living / Dining, Bedroom, Kitchen, Toilet, Utility, Balcony, Passage / Lobby
A8: CEIL-04 | B8: Ceiling | C8: Beam soffits and edges straight, arrises true | D8: Sight along the edge; no wavy lines | E8: Plaster & POP | F8: Minor | G8: Foyer / Entrance, Living / Dining, Bedroom, Kitchen, Toilet, Utility, Balcony, Passage / Lobby
A9: CEIL-05 | B9: Ceiling | C9: False ceiling / cornice (if any) level, joints invisible, no sagging | D9: Spirit level at 2-3 spots | E9: Plaster & POP | F9: Minor | G9: Foyer / Entrance, Living / Dining, Bedroom, Kitchen, Toilet, Utility, Balcony, Passage / Lobby
A10: CEIL-06 | B10: Ceiling | C10: Light and fan points at drawing location, boxes flush, cut-outs neat | D10: Compare with electrical layout | E10: Electrical | F10: Minor | G10: Foyer / Entrance, Living / Dining, Bedroom, Kitchen, Toilet, Utility, Balcony, Passage / Lobby
A11: CEIL-07 | B11: Ceiling | C11: Sprinkler / smoke detector at drawing location, cap removed, not painted over | D11: Compare with fire drawing | E11: Fire Fighting | F11: Critical | G11: Foyer / Entrance, Living / Dining, Bedroom, Kitchen, Toilet, Utility, Balcony, Passage / Lobby
A12: WAL-01 | B12: Walls, plaster & paint | C12: Plaster true and plumb | D12: 2 m straight edge in both directions; gap within project spec (typically 3-4 mm) | E12: Plaster & POP | F12: Minor | G12: Foyer / Entrance, Living / Dining, Bedroom, Kitchen, Passage / Lobby
A13: WAL-02 | B13: Walls, plaster & paint | C13: No hollow or drummy plaster | D13: Tap with a wooden mallet or knuckle over the full wall | E13: Plaster & POP | F13: Major | G13: Foyer / Entrance, Living / Dining, Bedroom, Kitchen, Passage / Lobby
A14: WAL-03 | B14: Walls, plaster & paint | C14: No cracks at RCC-masonry junctions, lintels, frame edges or chase lines | D14: Hairline: mark for mesh repair. Wider than 0.3 mm or recurring: refer to structural | E14: Plaster & POP | F14: Major | G14: Foyer / Entrance, Living / Dining, Bedroom, Kitchen, Passage / Lobby
A15: WAL-04 | B15: Walls, plaster & paint | C15: Corners and edges straight, vertical and square; no chipped arrises | D15: Try square at corners; sight along edges | E15: Plaster & POP | F15: Minor | G15: Foyer / Entrance, Living / Dining, Bedroom, Kitchen, Passage / Lobby
... A150: UNT-18 | B150: Whole flat / services | C150: Lobby in front of flat: finishes, lighting and fire door OK | D150: Log common-area issues separately | E150: Civil & Masonry | F150: Minor | G150: Whole flat

Sheet Rooms by flat type
A1: Rooms by flat type
A2: Check count = number of checklist rows whose element group is listed for the room (live formula).
A4: Flat type | B4: Room key | C4: Room | D4: Room kind | E4: Element groups | F4: Checks
A5: 2BHK | B5: foyer | C5: Foyer | D5: Foyer / Entrance | E5: CEIL, WALL, FLR, SKT, DRM, ELC, FOY | F5: =COUNTIF(Checklist!$B$5:$B$150,"Ceiling")+COUNTIF(Checklist!$B$5:$B$150,"Walls, plaster & paint")+COUNTIF(Checklist!$B$5:$B$150,"Flooring")+COUNTIF(Checklist!$B$5:$B$150,"Skirting")+COUNTIF(Checklist!$B$5:$B$150,"Main entrance door")+COUNTIF(Checklist!$B$5:$B$150,"Electrical points")+COUNTIF(Checklist!$B$5:$B$150,"Foyer extras") -> 43
A6: 2BHK | B6: living | C6: Living / Dining | D6: Living / Dining | E6: CEIL, WALL, FLR, SKT, WIN, ELC, AC | F6: =COUNTIF(Checklist!$B$5:$B$150,"Ceiling")+COUNTIF(Checklist!$B$5:$B$150,"Walls, plaster & paint")+COUNTIF(Checklist!$B$5:$B$150,"Flooring")+COUNTIF(Checklist!$B$5:$B$150,"Skirting")+COUNTIF(Checklist!$B$5:$B$150,"Windows & sliding doors (aluminium / uPVC)")+COUNTIF(Checklist!$B$5:$B$150,"Electrical points")+COUNTIF(Checklist!$B$5:$B$150,"Air-conditioning provision") -> 52
A7: 2BHK | B7: kitchen | C7: Kitchen | D7: Kitchen | E7: CEIL, WALL, FLR, SKT, WIN, ELC, KIT | F7: =COUNTIF(Checklist!$B$5:$B$150,"Ceiling")+COUNTIF(Checklist!$B$5:$B$150,"Walls, plaster & paint")+COUNTIF(Checklist!$B$5:$B$150,"Flooring")+COUNTIF(Checklist!$B$5:$B$150,"Skirting")+COUNTIF(Checklist!$B$5:$B$150,"Windows & sliding doors (aluminium / uPVC)")+COUNTIF(Checklist!$B$5:$B$150,"Electrical points")+COUNTIF(Checklist!$B$5:$B$150,"Kitchen") -> 57
A8: 2BHK | B8: utility | C8: Utility | D8: Utility | E8: CEIL, FLR, DAD, UTL, ELC | F8: =COUNTIF(Checklist!$B$5:$B$150,"Ceiling")+COUNTIF(Checklist!$B$5:$B$150,"Flooring")+COUNTIF(Checklist!$B$5:$B$150,"Wall tiles / dado")+COUNTIF(Checklist!$B$5:$B$150,"Utility")+COUNTIF(Checklist!$B$5:$B$150,"Electrical points") -> 32
A9: 2BHK | B9: passage | C9: Passage | D9: Passage / Lobby | E9: CEIL, WALL, FLR, SKT, ELC | F9: =COUNTIF(Checklist!$B$5:$B$150,"Ceiling")+COUNTIF(Checklist!$B$5:$B$150,"Walls, plaster & paint")+COUNTIF(Checklist!$B$5:$B$150,"Flooring")+COUNTIF(Checklist!$B$5:$B$150,"Skirting")+COUNTIF(Checklist!$B$5:$B$150,"Electrical points") -> 34
A10: 2BHK | B10: bed1 | C10: Master Bedroom | D10: Bedroom | E10: CEIL, WALL, FLR, SKT, DRI, WIN, ELC, AC, BR | F10: =COUNTIF(Checklist!$B$5:$B$150,"Ceiling")+COUNTIF(Checklist!$B$5:$B$150,"Walls, plaster & paint")+COUNTIF(Checklist!$B$5:$B$150,"Flooring")+COUNTIF(Checklist!$B$5:$B$150,"Skirting")+COUNTIF(Checklist!$B$5:$B$150,"Internal wooden door")+COUNTIF(Checklist!$B$5:$B$150,"Windows & sliding doors (aluminium / uPVC)")+COUNTIF(Checklist!$B$5:$B$150,"Electrical points")+COUNTIF(Checklist!$B$5:$B$150,"Air-conditioning provision")+COUNTIF(Checklist!$B$5:$B$150,"Bedroom extras") -> 64
A11: 2BHK | B11: bed2 | C11: Bedroom 2 | D11: Bedroom | E11: CEIL, WALL, FLR, SKT, DRI, WIN, ELC, AC, BR | F11: =COUNTIF(Checklist!$B$5:$B$150,"Ceiling")+COUNTIF(Checklist!$B$5:$B$150,"Walls, plaster & paint")+COUNTIF(Checklist!$B$5:$B$150,"Flooring")+COUNTIF(Checklist!$B$5:$B$150,"Skirting")+COUNTIF(Checklist!$B$5:$B$150,"Internal wooden door")+COUNTIF(Checklist!$B$5:$B$150,"Windows & sliding doors (aluminium / uPVC)")+COUNTIF(Checklist!$B$5:$B$150,"Electrical points")+COUNTIF(Checklist!$B$5:$B$150,"Air-conditioning provision")+COUNTIF(Checklist!$B$5:$B$150,"Bedroom extras") -> 64
A12: 2BHK | B12: toi1 | C12: Master Toilet | D12: Toilet | E12: CEIL, DRI, WET, DAD, SAN, CPF, EXH, ELC | F12: =COUNTIF(Checklist!$B$5:$B$150,"Ceiling")+COUNTIF(Checklist!$B$5:$B$150,"Internal wooden door")+COUNTIF(Checklist!$B$5:$B$150,"Wet area floor & waterproofing")+COUNTIF(Checklist!$B$5:$B$150,"Wall tiles / dado")+COUNTIF(Checklist!$B$5:$B$150,"Sanitary ware")+COUNTIF(Checklist!$B$5:$B$150,"CP fittings & water supply")+COUNTIF(Checklist!$B$5:$B$150,"Ventilation")+COUNTIF(Checklist!$B$5:$B$150,"Electrical points") -> 54
A13: 2BHK | B13: toi2 | C13: Common Toilet | D13: Toilet | E13: CEIL, DRI, WET, DAD, SAN, CPF, EXH, ELC | F13: =COUNTIF(Checklist!$B$5:$B$150,"Ceiling")+COUNTIF(Checklist!$B$5:$B$150,"Internal wooden door")+COUNTIF(Checklist!$B$5:$B$150,"Wet area floor & waterproofing")+COUNTIF(Checklist!$B$5:$B$150,"Wall tiles / dado")+COUNTIF(Checklist!$B$5:$B$150,"Sanitary ware")+COUNTIF(Checklist!$B$5:$B$150,"CP fittings & water supply")+COUNTIF(Checklist!$B$5:$B$150,"Ventilation")+COUNTIF(Checklist!$B$5:$B$150,"Electrical points") -> 54
A14: 2BHK | B14: bal1 | C14: Living Balcony | D14: Balcony | E14: CEIL, FLR, WIN, BAL | F14: =COUNTIF(Checklist!$B$5:$B$150,"Ceiling")+COUNTIF(Checklist!$B$5:$B$150,"Flooring")+COUNTIF(Checklist!$B$5:$B$150,"Windows & sliding doors (aluminium / uPVC)")+COUNTIF(Checklist!$B$5:$B$150,"Balcony") -> 39
A15: 2BHK | B15: bal2 | C15: Bedroom Balcony | D15: Balcony | E15: CEIL, FLR, WIN, BAL | F15: =COUNTIF(Checklist!$B$5:$B$150,"Ceiling")+COUNTIF(Checklist!$B$5:$B$150,"Flooring")+COUNTIF(Checklist!$B$5:$B$150,"Windows & sliding doors (aluminium / uPVC)")+COUNTIF(Checklist!$B$5:$B$150,"Balcony") -> 39
A16: 2BHK | B16: flat | C16: Whole flat & services | D16: Whole flat | E16: UNT | F16: =COUNTIF(Checklist!$B$5:$B$150,"Whole flat / services") -> 18
E17: Total checks per 2BHK flat | F17: =SUM(F5:F16) -> 550
A19: 3BHK | B19: foyer | C19: Foyer | D19: Foyer / Entrance | E19: CEIL, WALL, FLR, SKT, DRM, ELC, FOY | F19: =COUNTIF(Checklist!$B$5:$B$150,"Ceiling")+COUNTIF(Checklist!$B$5:$B$150,"Walls, plaster & paint")+COUNTIF(Checklist!$B$5:$B$150,"Flooring")+COUNTIF(Checklist!$B$5:$B$150,"Skirting")+COUNTIF(Checklist!$B$5:$B$150,"Main entrance door")+COUNTIF(Checklist!$B$5:$B$150,"Electrical points")+COUNTIF(Checklist!$B$5:$B$150,"Foyer extras") -> 43
A20: 3BHK | B20: living | C20: Living / Dining | D20: Living / Dining | E20: CEIL, WALL, FLR, SKT, WIN, ELC, AC | F20: =COUNTIF(Checklist!$B$5:$B$150,"Ceiling")+COUNTIF(Checklist!$B$5:$B$150,"Walls, plaster & paint")+COUNTIF(Checklist!$B$5:$B$150,"Flooring")+COUNTIF(Checklist!$B$5:$B$150,"Skirting")+COUNTIF(Checklist!$B$5:$B$150,"Windows & sliding doors (aluminium / uPVC)")+COUNTIF(Checklist!$B$5:$B$150,"Electrical points")+COUNTIF(Checklist!$B$5:$B$150,"Air-conditioning provision") -> 52
A21: 3BHK | B21: kitchen | C21: Kitchen | D21: Kitchen | E21: CEIL, WALL, FLR, SKT, WIN, ELC, KIT | F21: =COUNTIF(Checklist!$B$5:$B$150,"Ceiling")+COUNTIF(Checklist!$B$5:$B$150,"Walls, plaster & paint")+COUNTIF(Checklist!$B$5:$B$150,"Flooring")+COUNTIF(Checklist!$B$5:$B$150,"Skirting")+COUNTIF(Checklist!$B$5:$B$150,"Windows & sliding doors (aluminium / uPVC)")+COUNTIF(Checklist!$B$5:$B$150,"Electrical points")+COUNTIF(Checklist!$B$5:$B$150,"Kitchen") -> 57
A22: 3BHK | B22: utility | C22: Utility | D22: Utility | E22: CEIL, FLR, DAD, UTL, ELC | F22: =COUNTIF(Checklist!$B$5:$B$150,"Ceiling")+COUNTIF(Checklist!$B$5:$B$150,"Flooring")+COUNTIF(Checklist!$B$5:$B$150,"Wall tiles / dado")+COUNTIF(Checklist!$B$5:$B$150,"Utility")+COUNTIF(Checklist!$B$5:$B$150,"Electrical points") -> 32
A23: 3BHK | B23: passage | C23: Passage | D23: Passage / Lobby | E23: CEIL, WALL, FLR, SKT, ELC | F23: =COUNTIF(Checklist!$B$5:$B$150,"Ceiling")+COUNTIF(Checklist!$B$5:$B$150,"Walls, plaster & paint")+COUNTIF(Checklist!$B$5:$B$150,"Flooring")+COUNTIF(Checklist!$B$5:$B$150,"Skirting")+COUNTIF(Checklist!$B$5:$B$150,"Electrical points") -> 34
A24: 3BHK | B24: bed1 | C24: Master Bedroom | D24: Bedroom | E24: CEIL, WALL, FLR, SKT, DRI, WIN, ELC, AC, BR | F24: =COUNTIF(Checklist!$B$5:$B$150,"Ceiling")+COUNTIF(Checklist!$B$5:$B$150,"Walls, plaster & paint")+COUNTIF(Checklist!$B$5:$B$150,"Flooring")+COUNTIF(Checklist!$B$5:$B$150,"Skirting")+COUNTIF(Checklist!$B$5:$B$150,"Internal wooden door")+COUNTIF(Checklist!$B$5:$B$150,"Windows & sliding doors (aluminium / uPVC)")+COUNTIF(Checklist!$B$5:$B$150,"Electrical points")+COUNTIF(Checklist!$B$5:$B$150,"Air-conditioning provision")+COUNTIF(Checklist!$B$5:$B$150,"Bedroom extras") -> 64
A25: 3BHK | B25: bed2 | C25: Bedroom 2 | D25: Bedroom | E25: CEIL, WALL, FLR, SKT, DRI, WIN, ELC, AC, BR | F25: =COUNTIF(Checklist!$B$5:$B$150,"Ceiling")+COUNTIF(Checklist!$B$5:$B$150,"Walls, plaster & paint")+COUNTIF(Checklist!$B$5:$B$150,"Flooring")+COUNTIF(Checklist!$B$5:$B$150,"Skirting")+COUNTIF(Checklist!$B$5:$B$150,"Internal wooden door")+COUNTIF(Checklist!$B$5:$B$150,"Windows & sliding doors (aluminium / uPVC)")+COUNTIF(Checklist!$B$5:$B$150,"Electrical points")+COUNTIF(Checklist!$B$5:$B$150,"Air-conditioning provision")+COUNTIF(Checklist!$B$5:$B$150,"Bedroom extras") -> 64
A26: 3BHK | B26: bed3 | C26: Bedroom 3 | D26: Bedroom | E26: CEIL, WALL, FLR, SKT, DRI, WIN, ELC, AC, BR | F26: =COUNTIF(Checklist!$B$5:$B$150,"Ceiling")+COUNTIF(Checklist!$B$5:$B$150,"Walls, plaster & paint")+COUNTIF(Checklist!$B$5:$B$150,"Flooring")+COUNTIF(Checklist!$B$5:$B$150,"Skirting")+COUNTIF(Checklist!$B$5:$B$150,"Internal wooden door")+COUNTIF(Checklist!$B$5:$B$150,"Windows & sliding doors (aluminium / uPVC)")+COUNTIF(Checklist!$B$5:$B$150,"Electrical points")+COUNTIF(Checklist!$B$5:$B$150,"Air-conditioning provision")+COUNTIF(Checklist!$B$5:$B$150,"Bedroom extras") -> 64
A27: 3BHK | B27: toi1 | C27: Master Toilet | D27: Toilet | E27: CEIL, DRI, WET, DAD, SAN, CPF, EXH, ELC | F27: =COUNTIF(Checklist!$B$5:$B$150,"Ceiling")+COUNTIF(Checklist!$B$5:$B$150,"Internal wooden door")+COUNTIF(Checklist!$B$5:$B$150,"Wet area floor & waterproofing")+COUNTIF(Checklist!$B$5:$B$150,"Wall tiles / dado")+COUNTIF(Checklist!$B$5:$B$150,"Sanitary ware")+COUNTIF(Checklist!$B$5:$B$150,"CP fittings & water supply")+COUNTIF(Checklist!$B$5:$B$150,"Ventilation")+COUNTIF(Checklist!$B$5:$B$150,"Electrical points") -> 54
A28: 3BHK | B28: toi2 | C28: Toilet 2 | D28: Toilet | E28: CEIL, DRI, WET, DAD, SAN, CPF, EXH, ELC | F28: =COUNTIF(Checklist!$B$5:$B$150,"Ceiling")+COUNTIF(Checklist!$B$5:$B$150,"Internal wooden door")+COUNTIF(Checklist!$B$5:$B$150,"Wet area floor & waterproofing")+COUNTIF(Checklist!$B$5:$B$150,"Wall tiles / dado")+COUNTIF(Checklist!$B$5:$B$150,"Sanitary ware")+COUNTIF(Checklist!$B$5:$B$150,"CP fittings & water supply")+COUNTIF(Checklist!$B$5:$B$150,"Ventilation")+COUNTIF(Checklist!$B$5:$B$150,"Electrical points") -> 54
A29: 3BHK | B29: toi3 | C29: Toilet 3 | D29: Toilet | E29: CEIL, DRI, WET, DAD, SAN, CPF, EXH, ELC | F29: =COUNTIF(Checklist!$B$5:$B$150,"Ceiling")+COUNTIF(Checklist!$B$5:$B$150,"Internal wooden door")+COUNTIF(Checklist!$B$5:$B$150,"Wet area floor & waterproofing")+COUNTIF(Checklist!$B$5:$B$150,"Wall tiles / dado")+COUNTIF(Checklist!$B$5:$B$150,"Sanitary ware")+COUNTIF(Checklist!$B$5:$B$150,"CP fittings & water supply")+COUNTIF(Checklist!$B$5:$B$150,"Ventilation")+COUNTIF(Checklist!$B$5:$B$150,"Electrical points") -> 54
A30: 3BHK | B30: bal1 | C30: Living Balcony | D30: Balcony | E30: CEIL, FLR, WIN, BAL | F30: =COUNTIF(Checklist!$B$5:$B$150,"Ceiling")+COUNTIF(Checklist!$B$5:$B$150,"Flooring")+COUNTIF(Checklist!$B$5:$B$150,"Windows & sliding doors (aluminium / uPVC)")+COUNTIF(Checklist!$B$5:$B$150,"Balcony") -> 39
A31: 3BHK | B31: bal2 | C31: Bedroom Balcony | D31: Balcony | E31: CEIL, FLR, WIN, BAL | F31: =COUNTIF(Checklist!$B$5:$B$150,"Ceiling")+COUNTIF(Checklist!$B$5:$B$150,"Flooring")+COUNTIF(Checklist!$B$5:$B$150,"Windows & sliding doors (aluminium / uPVC)")+COUNTIF(Checklist!$B$5:$B$150,"Balcony") -> 39
A32: 3BHK | B32: flat | C32: Whole flat & services | D32: Whole flat | E32: UNT | F32: =COUNTIF(Checklist!$B$5:$B$150,"Whole flat / services") -> 18
E33: Total checks per 3BHK flat | F33: =SUM(F19:F32) -> 668

Sheet Teams
A1: Teams
A2: Default owner for snags raised against each item. Counts are live formulas.
A4: Team ID | B4: Team | C4: Checklist items owned | D4: of which Critical
A5: civil | B5: Civil & Masonry | C5: =COUNTIF(Checklist!$E$5:$E$150,B5) -> 9 | D5: =COUNTIFS(Checklist!$E$5:$E$150,B5,Checklist!$F$5:$F$150,"Critical") -> 1
A6: plaster | B6: Plaster & POP | C6: =COUNTIF(Checklist!$E$5:$E$150,B6) -> 10 | D6: =COUNTIFS(Checklist!$E$5:$E$150,B6,Checklist!$F$5:$F$150,"Critical") -> 0
A7: paint | B7: Painting | C7: =COUNTIF(Checklist!$E$5:$E$150,B7) -> 4 | D7: =COUNTIFS(Checklist!$E$5:$E$150,B7,Checklist!$F$5:$F$150,"Critical") -> 0
A8: tiling | B8: Tiling & Stone | C8: =COUNTIF(Checklist!$E$5:$E$150,B8) -> 26 | D8: =COUNTIFS(Checklist!$E$5:$E$150,B8,Checklist!$F$5:$F$150,"Critical") -> 0
A9: carpentry | B9: Carpentry (wooden doors) | C9: =COUNTIF(Checklist!$E$5:$E$150,B9) -> 17 | D9: =COUNTIFS(Checklist!$E$5:$E$150,B9,Checklist!$F$5:$F$150,"Critical") -> 0
A10: fenestration | B10: Aluminium / uPVC | C10: =COUNTIF(Checklist!$E$5:$E$150,B10) -> 9 | D10: =COUNTIFS(Checklist!$E$5:$E$150,B10,Checklist!$F$5:$F$150,"Critical") -> 0
A11: glazing | B11: Glass & Glazing | C11: =COUNTIF(Checklist!$E$5:$E$150,B11) -> 3 | D11: =COUNTIFS(Checklist!$E$5:$E$150,B11,Checklist!$F$5:$F$150,"Critical") -> 1
A12: electrical | B12: Electrical | C12: =COUNTIF(Checklist!$E$5:$E$150,B12) -> 20 | D12: =COUNTIFS(Checklist!$E$5:$E$150,B12,Checklist!$F$5:$F$150,"Critical") -> 2
A13: plumbing | B13: Plumbing & Sanitary | C13: =COUNTIF(Checklist!$E$5:$E$150,B13) -> 29 | D13: =COUNTIFS(Checklist!$E$5:$E$150,B13,Checklist!$F$5:$F$150,"Critical") -> 1
A14: waterproofing | B14: Waterproofing | C14: =COUNTIF(Checklist!$E$5:$E$150,B14) -> 5 | D14: =COUNTIFS(Checklist!$E$5:$E$150,B14,Checklist!$F$5:$F$150,"Critical") -> 2
A15: hvac | B15: HVAC | C15: =COUNTIF(Checklist!$E$5:$E$150,B15) -> 5 | D15: =COUNTIFS(Checklist!$E$5:$E$150,B15,Checklist!$F$5:$F$150,"Critical") -> 0
A16: fire | B16: Fire Fighting | C16: =COUNTIF(Checklist!$E$5:$E$150,B16) -> 2 | D16: =COUNTIFS(Checklist!$E$5:$E$150,B16,Checklist!$F$5:$F$150,"Critical") -> 2
... A18: housekeeping | B18: Housekeeping | C18: =COUNTIF(Checklist!$E$5:$E$150,B18) -> 3 | D18: =COUNTIFS(Checklist!$E$5:$E$150,B18,Checklist!$F$5:$F$150,"Critical") -> 0

Sheet Severity
A1: Severity
A2: Used on every snag.
A4: Severity | B4: Meaning | C4: Items in checklist
A5: Critical | B5: Safety, structure, water ingress or statutory item. Blocks handover. Target fix: 48 hours. | C5: =COUNTIF(Checklist!$F$5:$F$150,A5) -> 12
A6: Major | B6: Function affected or visible defect a buyer will reject. Blocks handover. Target fix: 7 days. | C6: =COUNTIF(Checklist!$F$5:$F$150,A6) -> 46
A7: Minor | B7: Cosmetic or finishing. Can be accepted by the buyer at handover with a fix date. Target fix: 14 days. | C7: =COUNTIF(Checklist!$F$5:$F$150,A7) -> 88

Sheet Handover
A1: Handover record
A2: Captured in the app's Handover tab for each flat, with customer and company signatures.
A4: Section | B4: Item | C4: Record
A5: Before handover | B5: No Critical or Major snag open (checked automatically) | C5: System
A6: Before handover | B6: Inspection 100% complete (checked automatically) | C6: System
A7: Before handover | B7: Occupancy certificate received / possession offered | C7: Tick
A8: Before handover | B8: CRM confirms dues cleared | C8: Tick
A9: Meter readings | B9: Electricity meter (kWh) | C9: Reading
A10: Meter readings | B10: DG / prepaid meter | C10: Reading
A11: Meter readings | B11: Water meter | C11: Reading
A12: Meter readings | B12: PNG gas meter | C12: Reading
A13: Keys handed (count) | B13: Main door | C13: Number
A14: Keys handed (count) | B14: Bedroom doors | C14: Number
A15: Keys handed (count) | B15: Toilet doors | C15: Number
... A41: Acceptance | B41: Handover date | C41: Entry

Sheet Apartment list
A1: Apartment list
A2: Fill yellow cells from row 6 down. Copy columns A-E (with header row) and paste into the app: Setup > Apartment list.
A4: Tower | B4: Floor | C4: Flat no. | D4: Type | E4: Carpet area (sq ft)
A5: T1 | B5: 12 | C5: 1203 | D5: 3BHK | E5: 1450 | F5: Example row: delete before pasting
